model,request_id,timestamp,ttft_ms,tpot_ms,total_latency_ms,tokens_in,tokens_out,is_cold_start,error
meta-llama/Llama-3.1-8B-Instruct,119,1776601526.336522,722.759485244751,15.596953649369498,2687.9756450653076,205,127,False,
meta-llama/Llama-3.1-8B-Instruct,140,1776601526.3378637,721.8775749206543,15.612687383379255,2689.0761852264404,205,127,False,
meta-llama/Llama-3.1-8B-Instruct,197,1776601526.3414927,718.3411121368408,15.622269539606004,2686.7470741271973,205,127,False,
meta-llama/Llama-3.1-8B-Instruct,253,1776601526.3456595,714.2598628997803,15.62893579876612,2683.5057735443115,205,127,False,
meta-llama/Llama-3.1-8B-Instruct,80,1776601526.3340962,725.9125709533691,15.634973843892416,2695.9192752838135,205,127,False,
meta-llama/Llama-3.1-8B-Instruct,198,1776601526.341554,718.5289859771729,15.768058776855469,2689.5363330841064,205,126,False,
meta-llama/Llama-3.1-8B-Instruct,105,1776601526.3356292,724.5240211486816,15.773883819580078,2696.2594985961914,205,126,False,
meta-llama/Llama-3.1-8B-Instruct,141,1776601526.3379223,722.2950458526611,15.649903388250442,2694.182872772217,205,127,False,
meta-llama/Llama-3.1-8B-Instruct,254,1776601526.3457568,715.214729309082,15.653631043812585,2687.572240829468,205,127,False,
meta-llama/Llama-3.1-8B-Instruct,79,1776601526.3340337,727.0138263702393,15.654770154801627,2699.514865875244,205,127,False,
meta-llama/Llama-3.1-8B-Instruct,114,1776601526.336219,724.9007225036621,15.787548065185547,2698.3442306518555,205,126,False,
meta-llama/Llama-3.1-8B-Instruct,142,1776601526.3379846,723.2077121734619,15.668265403263153,2697.409152984619,205,127,False,
meta-llama/Llama-3.1-8B-Instruct,255,1776601526.3458214,715.4548168182373,15.669277736118861,2689.783811569214,205,127,False,
meta-llama/Llama-3.1-8B-Instruct,199,1776601526.3416138,719.7468280792236,15.676613837953598,2695.000171661377,205,127,False,
meta-llama/Llama-3.1-8B-Instruct,78,1776601526.333933,727.4930477142334,15.682511859469944,2703.4895420074463,205,127,False,
meta-llama/Llama-3.1-8B-Instruct,88,1776601526.3345847,726.9113063812256,15.683562036544558,2703.04012298584,205,127,False,
meta-llama/Llama-3.1-8B-Instruct,143,1776601526.3380437,723.5171794891357,15.69072783939422,2700.5488872528076,205,127,False,
meta-llama/Llama-3.1-8B-Instruct,200,1776601526.3422308,719.3989753723145,15.728210646008689,2701.153516769409,205,127,False,
meta-llama/Llama-3.1-8B-Instruct,77,1776601526.3338702,727.8273105621338,15.737399222358825,2710.7396125793457,205,127,False,
meta-llama/Llama-3.1-8B-Instruct,71,1776601526.33351,728.2543182373047,15.744057912675162,2712.005615234375,205,127,False,
meta-llama/Llama-3.1-8B-Instruct,144,1776601526.3381023,723.7265110015869,15.75031734648205,2708.266496658325,205,127,False,
meta-llama/Llama-3.1-8B-Instruct,201,1776601526.3423464,719.5401191711426,15.758656320117769,2705.1308155059814,205,127,False,
meta-llama/Llama-3.1-8B-Instruct,76,1776601526.3338065,728.1374931335449,15.76005466400631,2713.90438079834,205,127,False,
meta-llama/Llama-3.1-8B-Instruct,60,1776601526.3328075,729.194164276123,15.76761593894353,2715.913772583008,205,127,False,
meta-llama/Llama-3.1-8B-Instruct,145,1776601526.3381608,723.8991260528564,15.77317336248973,2711.3189697265625,205,127,False,
meta-llama/Llama-3.1-8B-Instruct,202,1776601526.3424208,719.7146415710449,16.033149534656154,2707.825183868408,205,125,False,
meta-llama/Llama-3.1-8B-Instruct,75,1776601526.3337464,731.1303615570068,15.75866767338344,2716.7224884033203,205,127,False,
meta-llama/Llama-3.1-8B-Instruct,30,1776601526.2783642,786.6089344024658,15.766580899556478,2773.198127746582,205,127,False,
meta-llama/Llama-3.1-8B-Instruct,146,1776601526.3382187,726.8455028533936,15.76761972336542,2713.5655879974365,205,127,False,
meta-llama/Llama-3.1-8B-Instruct,203,1776601526.3424857,722.6569652557373,15.776259558541435,2710.465669631958,205,127,False,
meta-llama/Llama-3.1-8B-Instruct,70,1776601526.3334498,731.762170791626,15.777322981092665,2719.7048664093018,205,127,False,
meta-llama/Llama-3.1-8B-Instruct,113,1776601526.3361602,729.1293144226074,16.032789984057025,2717.1952724456787,205,125,False,
meta-llama/Llama-3.1-8B-Instruct,147,1776601526.3383207,727.0417213439941,15.789308245219882,2716.494560241699,205,127,False,
meta-llama/Llama-3.1-8B-Instruct,204,1776601526.342548,722.8927612304688,15.790413296411907,2712.484836578369,205,127,False,
meta-llama/Llama-3.1-8B-Instruct,69,1776601526.3333902,732.1267127990723,15.791302635556175,2721.8308448791504,205,127,False,
meta-llama/Llama-3.1-8B-Instruct,123,1776601526.3368034,728.7914752960205,15.79220900459895,2718.6098098754883,205,127,False,
meta-llama/Llama-3.1-8B-Instruct,148,1776601526.3383825,727.2758483886719,16.06101566745389,2718.841791152954,205,125,False,
meta-llama/Llama-3.1-8B-Instruct,205,1776601526.3426101,723.1130599975586,15.807382644168914,2714.843273162842,205,127,False,
meta-llama/Llama-3.1-8B-Instruct,68,1776601526.3333304,732.4604988098145,15.808461204407708,2724.3266105651855,205,127,False,
meta-llama/Llama-3.1-8B-Instruct,45,1776601526.3318336,734.022855758667,15.809259717426603,2725.989580154419,205,127,False,
meta-llama/Llama-3.1-8B-Instruct,149,1776601526.3384435,727.4777889251709,16.078454832876883,2721.2061882019043,205,125,False,
meta-llama/Llama-3.1-8B-Instruct,206,1776601526.3426707,723.3150005340576,15.824306578863235,2717.177629470825,205,127,False,
meta-llama/Llama-3.1-8B-Instruct,67,1776601526.3332698,732.7816486358643,16.080385254275413,2726.7494201660156,205,125,False,
meta-llama/Llama-3.1-8B-Instruct,131,1776601526.337276,728.8446426391602,15.825909281533862,2722.9092121124268,205,127,False,
meta-llama/Llama-3.1-8B-Instruct,150,1776601526.338503,727.6821136474609,15.826768345303005,2721.8549251556396,205,127,False,
meta-llama/Llama-3.1-8B-Instruct,84,1776601526.3343396,731.9145202636719,15.827472247774638,2726.1760234832764,205,127,False,
meta-llama/Llama-3.1-8B-Instruct,207,1776601526.342731,723.6027717590332,15.828142090449257,2717.9486751556396,205,127,False,
meta-llama/Llama-3.1-8B-Instruct,66,1776601526.3332005,733.2131862640381,15.847949754624139,2730.0548553466797,205,127,False,
meta-llama/Llama-3.1-8B-Instruct,118,1776601526.3364637,730.013370513916,15.849104003300743,2727.0004749298096,205,127,False,
meta-llama/Llama-3.1-8B-Instruct,151,1776601526.338562,727.9903888702393,15.849932791694762,2725.0819206237793,205,127,False,
meta-llama/Llama-3.1-8B-Instruct,208,1776601526.342791,723.8361835479736,15.850708598182315,2721.0254669189453,205,127,False,
meta-llama/Llama-3.1-8B-Instruct,65,1776601526.3331027,733.583927154541,15.85157901521713,2730.8828830718994,205,127,False,
meta-llama/Llama-3.1-8B-Instruct,59,1776601526.3327498,734.0092658996582,15.852290486532544,2731.397867202759,205,127,False,
meta-llama/Llama-3.1-8B-Instruct,152,1776601526.3386211,728.2106876373291,15.853111706082784,2725.7027626037598,205,127,False,
meta-llama/Llama-3.1-8B-Instruct,209,1776601526.3428514,724.0567207336426,15.853681261577304,2721.620559692383,205,127,False,
meta-llama/Llama-3.1-8B-Instruct,64,1776601526.3330448,733.9251041412354,15.903637522742862,2737.783432006836,205,127,False,
meta-llama/Llama-3.1-8B-Instruct,89,1776601526.3346443,732.3954105377197,15.911577239869134,2737.2541427612305,205,127,False,
meta-llama/Llama-3.1-8B-Instruct,153,1776601526.3386805,728.4293174743652,15.913240493290008,2733.4976196289062,205,127,False,
meta-llama/Llama-3.1-8B-Instruct,210,1776601526.342912,724.2703437805176,15.915038093687995,2729.565143585205,205,127,False,
meta-llama/Llama-3.1-8B-Instruct,63,1776601526.3329835,734.2801094055176,15.91642697652181,2739.7499084472656,205,127,False,
meta-llama/Llama-3.1-8B-Instruct,96,1776601526.3350914,732.2466373443604,16.045040130615234,2737.8766536712646,205,126,False,
meta-llama/Llama-3.1-8B-Instruct,154,1776601526.3387399,728.6684513092041,15.918758180406359,2734.4319820404053,205,127,False,
meta-llama/Llama-3.1-8B-Instruct,211,1776601526.3429751,724.501371383667,15.919834848434206,2730.400562286377,205,127,False,
meta-llama/Llama-3.1-8B-Instruct,57,1776601526.3326283,734.9221706390381,15.921146150619265,2740.9865856170654,205,127,False,
meta-llama/Llama-3.1-8B-Instruct,93,1776601526.3349164,732.7113151550293,15.922014675443135,2738.8851642608643,205,127,False,
meta-llama/Llama-3.1-8B-Instruct,155,1776601526.338799,728.9023399353027,15.966405944218712,2740.6694889068604,205,127,False,
meta-llama/Llama-3.1-8B-Instruct,212,1776601526.3430364,724.7376441955566,15.96748639666845,2736.6409301757812,205,127,False,
meta-llama/Llama-3.1-8B-Instruct,56,1776601526.3325682,735.274076461792,15.968300047374907,2747.2798824310303,205,127,False,
meta-llama/Llama-3.1-8B-Instruct,111,1776601526.3360379,731.8792343139648,15.968979351104252,2743.9706325531006,205,127,False,
meta-llama/Llama-3.1-8B-Instruct,156,1776601526.3388588,729.1312217712402,15.969565936497279,2741.2965297698975,205,127,False,
meta-llama/Llama-3.1-8B-Instruct,213,1776601526.3430984,726.0127067565918,15.961851392473493,2737.205982208252,205,127,False,
meta-llama/Llama-3.1-8B-Instruct,55,1776601526.3325098,736.6807460784912,15.962462576608809,2747.951030731201,205,127,False,
meta-llama/Llama-3.1-8B-Instruct,99,1776601526.3352706,734.0195178985596,15.962854264274476,2745.3391551971436,205,127,False,
meta-llama/Llama-3.1-8B-Instruct,157,1776601526.3389196,730.4427623748779,16.091114044189453,2741.8320178985596,205,126,False,
meta-llama/Llama-3.1-8B-Instruct,214,1776601526.3431983,726.2547016143799,15.96409555465456,2737.7307415008545,205,127,False,
meta-llama/Llama-3.1-8B-Instruct,54,1776601526.3324494,737.0734214782715,15.964958402845594,2748.6581802368164,205,127,False,
meta-llama/Llama-3.1-8B-Instruct,122,1776601526.3367457,732.8662872314453,15.965416317894345,2744.508743286133,205,127,False,
meta-llama/Llama-3.1-8B-Instruct,158,1776601526.3389795,730.7045459747314,16.09384536743164,2742.4352169036865,205,126,False,
meta-llama/Llama-3.1-8B-Instruct,215,1776601526.3432693,726.4835834503174,15.966918733384874,2738.3153438568115,205,127,False,
meta-llama/Llama-3.1-8B-Instruct,53,1776601526.3323882,737.438440322876,16.12720489501953,2753.3390522003174,205,126,False,
meta-llama/Llama-3.1-8B-Instruct,159,1776601526.3390386,730.8623790740967,15.999828066144671,2746.840715408325,205,127,False,
meta-llama/Llama-3.1-8B-Instruct,216,1776601526.343339,726.6345024108887,16.00027841234964,2742.6695823669434,205,127,False,
meta-llama/Llama-3.1-8B-Instruct,52,1776601526.3323238,737.7221584320068,16.128768920898438,2753.8182735443115,205,126,False,
meta-llama/Llama-3.1-8B-Instruct,26,1776601526.2780252,792.0897006988525,16.525899777646924,2808.2494735717773,205,123,False,
meta-llama/Llama-3.1-8B-Instruct,47,1776601526.331956,738.2330894470215,16.00167297181629,2754.443883895874,205,127,False,
meta-llama/Llama-3.1-8B-Instruct,160,1776601526.3391366,731.1339378356934,16.002072228325737,2747.3950386047363,205,127,False,
meta-llama/Llama-3.1-8B-Instruct,217,1776601526.3433988,726.9411087036133,16.002603939601354,2743.269205093384,205,127,False,
meta-llama/Llama-3.1-8B-Instruct,51,1776601526.3322089,738.2016181945801,16.00312808203319,2754.5957565307617,205,127,False,
meta-llama/Llama-3.1-8B-Instruct,115,1776601526.3362846,734.1992855072021,16.00362005687895,2750.65541267395,205,127,False,
meta-llama/Llama-3.1-8B-Instruct,161,1776601526.3392003,731.3528060913086,16.004151768154568,2747.875928878784,205,127,False,
meta-llama/Llama-3.1-8B-Instruct,218,1776601526.3434577,727.1678447723389,16.00444884527297,2743.7283992767334,205,127,False,
meta-llama/Llama-3.1-8B-Instruct,50,1776601526.3321419,738.5509014129639,16.004882161579435,2755.1660537719727,205,127,False,
meta-llama/Llama-3.1-8B-Instruct,112,1776601526.3360972,734.6651554107666,16.005181130908785,2751.3179779052734,205,127,False,
meta-llama/Llama-3.1-8B-Instruct,162,1776601526.3392644,731.5645217895508,16.005570926363507,2748.2664585113525,205,127,False,
meta-llama/Llama-3.1-8B-Instruct,219,1776601526.343519,727.3824214935303,16.133928298950195,2744.1234588623047,205,126,False,
meta-llama/Llama-3.1-8B-Instruct,49,1776601526.332082,738.8877868652344,16.00626347556947,2755.6769847869873,205,127,False,
meta-llama/Llama-3.1-8B-Instruct,110,1776601526.3359773,735.058069229126,16.00658893585205,2751.8882751464844,205,127,False,
meta-llama/Llama-3.1-8B-Instruct,163,1776601526.3393245,731.7848205566406,16.007033605424184,2748.671054840088,205,127,False,
meta-llama/Llama-3.1-8B-Instruct,220,1776601526.3435788,727.6031970977783,16.00729851495652,2744.5228099823,205,127,False,
meta-llama/Llama-3.1-8B-Instruct,48,1776601526.3320198,739.2418384552002,16.007553963434127,2756.1936378479004,205,127,False,
meta-llama/Llama-3.1-8B-Instruct,135,1776601526.337559,3303.926944732666,15.780176162719727,5276.448965072632,205,126,False,
meta-llama/Llama-3.1-8B-Instruct,164,1776601526.339387,3302.267074584961,15.702285463847812,5280.755043029785,205,127,False,
meta-llama/Llama-3.1-8B-Instruct,196,1776601526.3414335,3300.309419631958,15.711793823847694,5279.995441436768,205,127,False,
meta-llama/Llama-3.1-8B-Instruct,221,1776601526.343639,3298.173189163208,15.71880824982174,5278.743028640747,205,127,False,
meta-llama/Llama-3.1-8B-Instruct,41,1776601526.3315787,3310.5268478393555,15.850641250610352,5291.857004165649,205,126,False,
meta-llama/Llama-3.1-8B-Instruct,165,1776601526.3394465,3302.7400970458984,15.730736747620599,5284.812927246094,205,127,False,
meta-llama/Llama-3.1-8B-Instruct,107,1776601526.3357897,3306.4706325531006,15.736328230963814,5289.247989654541,205,127,False,
meta-llama/Llama-3.1-8B-Instruct,222,1776601526.343702,3298.6319065093994,15.741690756782653,5282.084941864014,205,127,False,
meta-llama/Llama-3.1-8B-Instruct,40,1776601526.3314953,3310.9283447265625,15.746737283373635,5295.017242431641,205,127,False,
meta-llama/Llama-3.1-8B-Instruct,23,1776601526.2770343,3365.431547164917,15.752752621968588,5350.278377532959,205,127,False,
meta-llama/Llama-3.1-8B-Instruct,92,1776601526.334819,3307.7380657196045,16.138171761985717,5292.733192443848,205,124,False,
meta-llama/Llama-3.1-8B-Instruct,166,1776601526.3395073,3303.0917644500732,15.762531568133642,5289.170742034912,205,127,False,
meta-llama/Llama-3.1-8B-Instruct,39,1776601526.3313396,3311.333656311035,15.894912719726562,5298.1977462768555,205,126,False,
meta-llama/Llama-3.1-8B-Instruct,223,1776601526.3437634,3298.9466190338135,15.770306662907677,5286.005258560181,205,127,False,
meta-llama/Llama-3.1-8B-Instruct,4,1776601526.2754385,3367.8619861602783,15.774111899118575,5355.400085449219,205,127,False,
meta-llama/Llama-3.1-8B-Instruct,124,1776601526.336864,3306.5221309661865,15.77519802820115,5294.197082519531,205,127,False,
meta-llama/Llama-3.1-8B-Instruct,167,1776601526.3395677,3303.882598876953,15.783082871210008,5292.551040649414,205,127,False,
meta-llama/Llama-3.1-8B-Instruct,224,1776601526.3438232,3299.6912002563477,15.78924958668058,5289.136648178101,205,127,False,
meta-llama/Llama-3.1-8B-Instruct,38,1776601526.2789965,3364.6092414855957,15.790142710246737,5354.167222976685,205,127,False,
meta-llama/Llama-3.1-8B-Instruct,2,1776601526.2752583,3368.3862686157227,15.791425629267616,5358.105897903442,205,127,False,
meta-llama/Llama-3.1-8B-Instruct,83,1776601526.3342812,3309.4356060028076,15.801246204073466,5300.392627716064,205,127,False,
meta-llama/Llama-3.1-8B-Instruct,168,1776601526.339632,3304.177761077881,15.807433733864436,5295.9144115448,205,127,False,
meta-llama/Llama-3.1-8B-Instruct,225,1776601526.3438807,3299.968719482422,15.808919119456458,5291.892528533936,205,127,False,
meta-llama/Llama-3.1-8B-Instruct,37,1776601526.2789164,3364.9654388427734,15.817621397593665,5357.985734939575,205,127,False,
meta-llama/Llama-3.1-8B-Instruct,95,1776601526.335033,3308.9354038238525,15.818586425175743,5302.077293395996,205,127,False,
meta-llama/Llama-3.1-8B-Instruct,169,1776601526.3396928,3304.3127059936523,15.819875020829459,5297.616958618164,205,127,False,
meta-llama/Llama-3.1-8B-Instruct,226,1776601526.3439395,3300.1749515533447,15.830155402895004,5294.774532318115,205,127,False,
meta-llama/Llama-3.1-8B-Instruct,36,1776601526.2788398,3365.314722061157,15.831440214126829,5360.076189041138,205,127,False,
meta-llama/Llama-3.1-8B-Instruct,22,1776601526.2769582,3367.2335147857666,15.841298633151585,5363.237142562866,205,127,False,
meta-llama/Llama-3.1-8B-Instruct,97,1776601526.3351498,3309.0732097625732,15.843098125760518,5305.303573608398,205,127,False,
meta-llama/Llama-3.1-8B-Instruct,170,1776601526.3397532,3304.591178894043,16.099095344543457,5300.879001617432,205,125,False,
meta-llama/Llama-3.1-8B-Instruct,227,1776601526.3440394,3300.3461360931396,15.980722427368164,5297.93643951416,205,126,False,
meta-llama/Llama-3.1-8B-Instruct,35,1776601526.27876,3365.6582832336426,15.855174216013106,5363.410234451294,205,127,False,
meta-llama/Llama-3.1-8B-Instruct,24,1776601526.2778127,3366.7263984680176,15.855652945382255,5364.538669586182,205,127,False,
meta-llama/Llama-3.1-8B-Instruct,137,1776601526.3376784,3306.8995475769043,15.856725828988212,5304.847002029419,205,127,False,
meta-llama/Llama-3.1-8B-Instruct,171,1776601526.3398118,3304.800510406494,15.869541773720393,5304.362773895264,205,127,False,
meta-llama/Llama-3.1-8B-Instruct,228,1776601526.3441033,3300.5435466766357,15.870809555053711,5300.265550613403,205,127,False,
meta-llama/Llama-3.1-8B-Instruct,34,1776601526.278682,3365.999460220337,15.871861624339271,5365.854024887085,205,127,False,
meta-llama/Llama-3.1-8B-Instruct,21,1776601526.27688,3367.860794067383,15.872705550420852,5367.82169342041,205,127,False,
meta-llama/Llama-3.1-8B-Instruct,104,1776601526.3355675,3310.242176055908,15.865473520188104,5309.291839599609,205,127,False,
meta-llama/Llama-3.1-8B-Instruct,172,1776601526.339873,3306.013822555542,15.878126734778995,5306.657791137695,205,127,False,
meta-llama/Llama-3.1-8B-Instruct,229,1776601526.3441656,3301.785707473755,15.879070948040674,5302.54864692688,205,127,False,
meta-llama/Llama-3.1-8B-Instruct,103,1776601526.3355074,3310.515880584717,15.888007860335092,5312.4048709869385,205,127,False,
meta-llama/Llama-3.1-8B-Instruct,3,1776601526.275352,3370.748281478882,15.888827187674385,5372.7405071258545,205,127,False,
meta-llama/Llama-3.1-8B-Instruct,138,1776601526.3377388,3308.3999156951904,15.889879256959945,5310.524702072144,205,127,False,
meta-llama/Llama-3.1-8B-Instruct,173,1776601526.3399348,3306.2803745269775,15.895465063670326,5309.1089725494385,205,127,False,
meta-llama/Llama-3.1-8B-Instruct,230,1776601526.3442261,3302.096128463745,16.02307891845703,5304.980993270874,205,126,False,
meta-llama/Llama-3.1-8B-Instruct,72,1776601526.3335688,3312.793254852295,15.898999713716053,5316.067218780518,205,127,False,
meta-llama/Llama-3.1-8B-Instruct,17,1776601526.276563,3369.8372840881348,15.899983663407584,5373.23522567749,205,127,False,
meta-llama/Llama-3.1-8B-Instruct,86,1776601526.334466,3312.0243549346924,15.90048320709713,5315.485239028931,205,127,False,
meta-llama/Llama-3.1-8B-Instruct,174,1776601526.3400366,3306.492567062378,15.903016877552819,5310.272693634033,205,127,False,
meta-llama/Llama-3.1-8B-Instruct,231,1776601526.3442945,3302.3531436920166,15.903408565218486,5306.182622909546,205,127,False,
meta-llama/Llama-3.1-8B-Instruct,29,1776601526.2782843,3368.4024810791016,15.904296012151809,5372.3437786102295,205,127,False,
meta-llama/Llama-3.1-8B-Instruct,19,1776601526.276725,3370.000123977661,15.906358522082131,5374.20129776001,205,127,False,
meta-llama/Llama-3.1-8B-Instruct,74,1776601526.333686,3313.072443008423,15.907370854937842,5317.401170730591,205,127,False,
meta-llama/Llama-3.1-8B-Instruct,175,1776601526.3400989,3306.767225265503,15.909255497039311,5311.333417892456,205,127,False,
meta-llama/Llama-3.1-8B-Instruct,232,1776601526.3443546,3302.551746368408,15.910194033668155,5307.236194610596,205,127,False,
meta-llama/Llama-3.1-8B-Instruct,94,1776601526.3349748,3311.967372894287,15.911047420804463,5316.759347915649,205,127,False,
meta-llama/Llama-3.1-8B-Instruct,20,1776601526.2768025,3370.266914367676,15.911883778042263,5375.164270401001,205,127,False,
meta-llama/Llama-3.1-8B-Instruct,127,1776601526.337041,3310.0674152374268,15.913618935479057,5315.183401107788,205,127,False,
meta-llama/Llama-3.1-8B-Instruct,176,1776601526.3401582,3306.997299194336,15.914375819857158,5312.208652496338,205,127,False,
meta-llama/Llama-3.1-8B-Instruct,233,1776601526.3444152,3302.7727603912354,15.916169635833256,5308.210134506226,205,127,False,
meta-llama/Llama-3.1-8B-Instruct,120,1776601526.336625,3310.595750808716,16.17377611898607,5316.143989562988,205,125,False,
meta-llama/Llama-3.1-8B-Instruct,18,1776601526.2766445,3370.718002319336,15.917624746050153,5376.338720321655,205,127,False,
meta-llama/Llama-3.1-8B-Instruct,62,1776601526.3329258,3314.476728439331,15.919024982149638,5320.273876190186,205,127,False,
meta-llama/Llama-3.1-8B-Instruct,177,1776601526.3402197,3307.217836380005,15.92047063131181,5313.197135925293,205,127,False,
meta-llama/Llama-3.1-8B-Instruct,234,1776601526.3444748,3302.9961585998535,15.92183302319239,5309.147119522095,205,127,False,
meta-llama/Llama-3.1-8B-Instruct,108,1776601526.3358507,3311.6533756256104,15.92318784622919,5317.975044250488,205,127,False,
meta-llama/Llama-3.1-8B-Instruct,9,1776601526.2759185,3371.72794342041,15.923674144442119,5378.110885620117,205,127,False,
meta-llama/Llama-3.1-8B-Instruct,128,1776601526.3370981,3310.5883598327637,16.05255699157715,5317.157983779907,205,126,False,
meta-llama/Llama-3.1-8B-Instruct,178,1776601526.3402834,3307.4355125427246,16.054018020629883,5314.18776512146,205,126,False,
meta-llama/Llama-3.1-8B-Instruct,235,1776601526.3445346,3303.2174110412598,16.05543327331543,5310.1465702056885,205,126,False,
meta-llama/Llama-3.1-8B-Instruct,133,1776601526.337436,3310.349225997925,15.9297576026311,5317.498683929443,205,127,False,
meta-llama/Llama-3.1-8B-Instruct,25,1776601526.2779372,3369.8768615722656,16.189052212622858,5377.3193359375,205,125,False,
meta-llama/Llama-3.1-8B-Instruct,101,1776601526.3353875,3312.5662803649902,15.932692421807182,5320.085525512695,205,127,False,
meta-llama/Llama-3.1-8B-Instruct,179,1776601526.3403451,3307.6467514038086,15.934228897094727,5315.359592437744,205,127,False,
meta-llama/Llama-3.1-8B-Instruct,236,1776601526.3445938,3303.42960357666,15.935640486459883,5311.3203048706055,205,127,False,
meta-llama/Llama-3.1-8B-Instruct,106,1776601526.3357275,3312.328338623047,15.937205344911606,5320.416212081909,205,127,False,
meta-llama/Llama-3.1-8B-Instruct,43,1776601526.3317115,3316.3766860961914,15.939313267904614,5324.730157852173,205,127,False,
meta-llama/Llama-3.1-8B-Instruct,180,1776601526.3404064,3307.7123165130615,15.941114652724494,5316.292762756348,205,127,False,
meta-llama/Llama-3.1-8B-Instruct,237,1776601526.3446527,3303.629159927368,15.941421190897623,5312.248229980469,205,127,False,
meta-llama/Llama-3.1-8B-Instruct,33,1776601526.2786021,3369.7197437286377,15.94285737900507,5378.519773483276,205,127,False,
meta-llama/Llama-3.1-8B-Instruct,1,1776601526.2751234,3373.236894607544,15.944603889707535,5382.256984710693,205,127,False,
meta-llama/Llama-3.1-8B-Instruct,134,1776601526.3374963,3310.896873474121,15.946062784346323,5320.100784301758,205,127,False,
meta-llama/Llama-3.1-8B-Instruct,181,1776601526.3404684,3307.957649230957,15.947440313914466,5317.33512878418,205,127,False,
meta-llama/Llama-3.1-8B-Instruct,238,1776601526.3447118,3303.7476539611816,15.948969220358228,5313.317775726318,205,127,False,
meta-llama/Llama-3.1-8B-Instruct,139,1776601526.3378003,3310.6894493103027,15.950420546153236,5320.44243812561,205,127,False,
meta-llama/Llama-3.1-8B-Instruct,8,1776601526.2758331,3372.8129863739014,15.951124448624869,5382.654666900635,205,127,False,
meta-llama/Llama-3.1-8B-Instruct,102,1776601526.3354473,3313.237428665161,15.952659031701467,5323.272466659546,205,127,False,
meta-llama/Llama-3.1-8B-Instruct,182,1776601526.3405297,3308.187961578369,15.95427119542682,5318.426132202148,205,127,False,
meta-llama/Llama-3.1-8B-Instruct,239,1776601526.3447692,3303.980827331543,15.955947694324312,5314.430236816406,205,127,False,
meta-llama/Llama-3.1-8B-Instruct,132,1776601526.3373342,3311.4492893218994,15.957535259307377,5322.098731994629,205,127,False,
meta-llama/Llama-3.1-8B-Instruct,13,1776601526.276238,3372.5783824920654,15.958861699179998,5383.394956588745,205,127,False,
meta-llama/Llama-3.1-8B-Instruct,98,1776601526.3352067,3313.6415481567383,15.960449264163064,5324.658155441284,205,127,False,
meta-llama/Llama-3.1-8B-Instruct,183,1776601526.340588,3308.3720207214355,15.961457812596882,5319.515705108643,205,127,False,
meta-llama/Llama-3.1-8B-Instruct,240,1776601526.3448277,3304.171562194824,16.35232785852944,5315.507888793945,205,124,False,
meta-llama/Llama-3.1-8B-Instruct,28,1776601526.278195,3370.8393573760986,15.964396416194855,5382.35330581665,205,127,False,
meta-llama/Llama-3.1-8B-Instruct,7,1776601526.2756865,3373.378038406372,15.965993442232646,5385.093212127686,205,127,False,
meta-llama/Llama-3.1-8B-Instruct,46,1776601526.3318932,3317.201852798462,16.09521484375,5329.103708267212,205,126,False,
meta-llama/Llama-3.1-8B-Instruct,184,1776601526.3406477,3308.478593826294,16.09697914123535,5320.600986480713,205,126,False,
meta-llama/Llama-3.1-8B-Instruct,241,1776601526.3449283,5340.733766555786,19.60924125853039,7811.498165130615,205,127,False,
meta-llama/Llama-3.1-8B-Instruct,136,1776601526.3376179,5899.9738693237305,15.856309542580256,7897.868871688843,205,127,False,
meta-llama/Llama-3.1-8B-Instruct,11,1776601526.276076,5961.610555648804,15.86321232810853,7960.3753089904785,205,127,False,
meta-llama/Llama-3.1-8B-Instruct,81,1776601526.3341563,5903.60164642334,16.12405623159101,7902.984619140625,205,125,False,
meta-llama/Llama-3.1-8B-Instruct,185,1776601526.3407073,5897.114038467407,15.891360858130076,7899.425506591797,205,127,False,
meta-llama/Llama-3.1-8B-Instruct,242,1776601526.3449924,5893.230199813843,15.894308922782777,7895.913124084473,205,127,False,
meta-llama/Llama-3.1-8B-Instruct,15,1776601526.2763991,5961.916923522949,15.898916456434462,7965.180397033691,205,127,False,
meta-llama/Llama-3.1-8B-Instruct,116,1776601526.3363473,5902.036190032959,16.15977479565528,7905.848264694214,205,125,False,
meta-llama/Llama-3.1-8B-Instruct,85,1776601526.3343983,5904.052019119263,15.90837561894977,7908.507347106934,205,127,False,
meta-llama/Llama-3.1-8B-Instruct,186,1776601526.3407695,5897.750616073608,15.912659584529816,7902.745723724365,205,127,False,
meta-llama/Llama-3.1-8B-Instruct,243,1776601526.3450537,5893.55206489563,15.916619982038226,7899.046182632446,205,127,False,
meta-llama/Llama-3.1-8B-Instruct,117,1776601526.3364053,5902.2369384765625,15.921049647861057,7908.289194107056,205,127,False,
meta-llama/Llama-3.1-8B-Instruct,100,1776601526.3353298,5903.39469909668,15.92518791319832,7909.968376159668,205,127,False,
meta-llama/Llama-3.1-8B-Instruct,6,1776601526.2756085,5963.152170181274,15.929697051880852,7970.293998718262,205,127,False,
meta-llama/Llama-3.1-8B-Instruct,187,1776601526.3408704,5897.973537445068,15.933895867968362,7905.644416809082,205,127,False,
meta-llama/Llama-3.1-8B-Instruct,244,1776601526.345113,5893.767356872559,15.938136312696669,7901.972532272339,205,127,False,
meta-llama/Llama-3.1-8B-Instruct,129,1776601526.3371553,5901.814222335815,15.942024806189158,7910.509347915649,205,127,False,
meta-llama/Llama-3.1-8B-Instruct,10,1776601526.275998,5963.011026382446,15.94625957428463,7972.23973274231,205,127,False,
meta-llama/Llama-3.1-8B-Instruct,61,1776601526.3328671,5906.176805496216,15.950621120513432,7915.955066680908,205,127,False,
meta-llama/Llama-3.1-8B-Instruct,188,1776601526.3409345,5899.55997467041,15.943752394782173,7908.472776412964,205,127,False,
meta-llama/Llama-3.1-8B-Instruct,245,1776601526.3451774,5895.404815673828,16.20478783884356,7904.79850769043,205,125,False,
meta-llama/Llama-3.1-8B-Instruct,126,1776601526.336982,5903.668403625488,15.951457477751232,7913.552045822144,205,127,False,
meta-llama/Llama-3.1-8B-Instruct,16,1776601526.2764854,5964.2333984375,16.082759857177734,7974.578380584717,205,126,False,
meta-llama/Llama-3.1-8B-Instruct,121,1776601526.336685,5904.119253158569,15.958850345914326,7914.934396743774,205,127,False,
meta-llama/Llama-3.1-8B-Instruct,189,1776601526.3410013,5899.837970733643,15.96277289920383,7911.147356033325,205,127,False,
meta-llama/Llama-3.1-8B-Instruct,246,1776601526.3452413,5895.671129226685,16.094318389892578,7907.460927963257,205,126,False,
meta-llama/Llama-3.1-8B-Instruct,90,1776601526.3347018,5906.309127807617,15.969957624162946,7918.523788452148,205,127,False,
meta-llama/Llama-3.1-8B-Instruct,32,1776601526.2785215,5962.5279903411865,15.974122380453442,7975.26741027832,205,127,False,
meta-llama/Llama-3.1-8B-Instruct,190,1776601526.341063,5900.022268295288,15.978357148548913,7913.295269012451,205,127,False,
meta-llama/Llama-3.1-8B-Instruct,247,1776601526.345302,5895.867109298706,16.110002517700195,7909.6174240112305,205,126,False,
meta-llama/Llama-3.1-8B-Instruct,91,1776601526.33476,5906.445741653442,15.985424556429424,7920.60923576355,205,127,False,
meta-llama/Llama-3.1-8B-Instruct,14,1776601526.2763178,5964.996814727783,15.988232597472175,7979.514122009277,205,127,False,
meta-llama/Llama-3.1-8B-Instruct,58,1776601526.3326886,5908.666610717773,15.991865642487056,7923.641681671143,205,127,False,
meta-llama/Llama-3.1-8B-Instruct,191,1776601526.3411226,5900.267601013184,15.995124029734779,7915.653228759766,205,127,False,
meta-llama/Llama-3.1-8B-Instruct,248,1776601526.3453603,5896.136283874512,15.997973699418326,7911.880970001221,205,127,False,
meta-llama/Llama-3.1-8B-Instruct,44,1776601526.3317735,5909.766912460327,16.045246805463517,7931.4680099487305,205,127,False,
meta-llama/Llama-3.1-8B-Instruct,12,1776601526.276155,5965.420484542847,16.049598890637593,7987.669944763184,205,127,False,
meta-llama/Llama-3.1-8B-Instruct,73,1776601526.3336263,5908.079385757446,16.05229718344552,7930.668830871582,205,127,False,
meta-llama/Llama-3.1-8B-Instruct,192,1776601526.3411858,5900.554656982422,16.0551941584027,7923.509120941162,205,127,False,
meta-llama/Llama-3.1-8B-Instruct,249,1776601526.3454187,5896.358966827393,16.058117624313113,7919.681787490845,205,127,False,
meta-llama/Llama-3.1-8B-Instruct,109,1776601526.3359141,5905.898571014404,16.061092179919047,7929.596185684204,205,127,False,
meta-llama/Llama-3.1-8B-Instruct,27,1776601526.2781072,5963.834047317505,16.063109276786683,7987.785816192627,205,127,False,
meta-llama/Llama-3.1-8B-Instruct,130,1776601526.337214,5904.7675132751465,16.066189796205553,7929.107427597046,205,127,False,
meta-llama/Llama-3.1-8B-Instruct,193,1776601526.341249,5900.77018737793,16.069012974935866,7925.465822219849,205,127,False,
meta-llama/Llama-3.1-8B-Instruct,250,1776601526.3454778,5896.576881408691,16.071953470744784,7921.643018722534,205,127,False,
meta-llama/Llama-3.1-8B-Instruct,87,1776601526.334526,5907.559394836426,16.467268874005573,7933.033466339111,205,124,False,
meta-llama/Llama-3.1-8B-Instruct,82,1776601526.334216,5907.9909324646,16.0773443797278,7933.736324310303,205,127,False,
meta-llama/Llama-3.1-8B-Instruct,194,1776601526.3413112,5900.946140289307,16.080029427059113,7927.029848098755,205,127,False,
meta-llama/Llama-3.1-8B-Instruct,251,1776601526.345537,5896.756649017334,16.082820438203356,7923.192024230957,205,127,False,
meta-llama/Llama-3.1-8B-Instruct,125,1776601526.3369238,5905.406475067139,16.08559631166004,7932.191610336304,205,127,False,
meta-llama/Llama-3.1-8B-Instruct,5,1776601526.2755225,5966.840744018555,16.088332448686874,7993.970632553101,205,127,False,
meta-llama/Llama-3.1-8B-Instruct,31,1776601526.2784429,5964.016675949097,16.218717575073242,7991.356372833252,205,126,False,
meta-llama/Llama-3.1-8B-Instruct,195,1776601526.3413713,5901.125907897949,16.351784429242535,7928.747177124023,205,125,False,
meta-llama/Llama-3.1-8B-Instruct,252,1776601526.3455982,5896.934747695923,16.094909773932564,7924.893379211426,205,127,False,
meta-llama/Llama-3.1-8B-Instruct,42,1776601526.3316486,5911.504030227661,16.09254072582911,7939.164161682129,205,127,False,
meta-llama/Llama-3.1-8B-Instruct,0,1776601526.2746174,5968.629837036133,16.094733798314653,7996.566295623779,205,127,False,
meta-llama/Llama-3.1-8B-Instruct,258,1776601529.0284545,3214.863061904907,16.096781170557417,5243.057489395142,205,127,False,
meta-llama/Llama-3.1-8B-Instruct,259,1776601529.02957,3213.8190269470215,16.09861283075242,5242.244243621826,205,127,False,
meta-llama/Llama-3.1-8B-Instruct,260,1776601529.0303686,3213.104724884033,16.100296898493692,5241.742134094238,205,127,False,
meta-llama/Llama-3.1-8B-Instruct,261,1776601529.0314586,3212.0542526245117,16.10252403077625,5240.972280502319,205,127,False,
meta-llama/Llama-3.1-8B-Instruct,262,1776601529.032352,3211.2503051757812,16.104391642979213,5240.403652191162,205,127,False,
meta-llama/Llama-3.1-8B-Instruct,263,1776601529.0326786,3210.96134185791,16.107069121466743,5240.45205116272,205,127,False,
meta-llama/Llama-3.1-8B-Instruct,264,1776601529.033797,3209.9571228027344,16.1087399437314,5239.658355712891,205,127,False,
meta-llama/Llama-3.1-8B-Instruct,265,1776601529.0341537,3209.639549255371,16.370588733303933,5239.592552185059,205,125,False,
meta-llama/Llama-3.1-8B-Instruct,266,1776601529.0349748,3208.8518142700195,16.241710662841797,5239.065647125244,205,126,False,
meta-llama/Llama-3.1-8B-Instruct,267,1776601529.0359178,3207.9453468322754,16.115150754413907,5238.454341888428,205,127,False,
meta-llama/Llama-3.1-8B-Instruct,268,1776601529.0362477,3207.7369689941406,16.116675876435778,5238.438129425049,205,127,False,
meta-llama/Llama-3.1-8B-Instruct,269,1776601529.0370317,3206.99143409729,16.118545380849685,5237.928152084351,205,127,False,
meta-llama/Llama-3.1-8B-Instruct,270,1776601529.037912,3206.1471939086914,16.120547340029763,5237.336158752441,205,127,False,
meta-llama/Llama-3.1-8B-Instruct,271,1776601529.0382242,3205.8684825897217,16.122816100953116,5237.343311309814,205,127,False,
meta-llama/Llama-3.1-8B-Instruct,272,1776601529.0388658,3205.371141433716,16.123800050644647,5236.969947814941,205,127,False,
meta-llama/Llama-3.1-8B-Instruct,274,1776601529.0448196,3199.4621753692627,16.125675231691392,5231.297254562378,205,127,False,
meta-llama/Llama-3.1-8B-Instruct,275,1776601529.0459106,3198.4081268310547,16.128055633060516,5230.54313659668,205,127,False,
meta-llama/Llama-3.1-8B-Instruct,276,1776601529.046705,3197.6492404937744,16.13016544826447,5230.050086975098,205,127,False,
meta-llama/Llama-3.1-8B-Instruct,277,1776601529.0480056,3196.382522583008,16.132271479046533,5229.048728942871,205,127,False,
meta-llama/Llama-3.1-8B-Instruct,278,1776601529.0483472,3196.2077617645264,16.262475967407227,5229.01725769043,205,126,False,
meta-llama/Llama-3.1-8B-Instruct,279,1776601529.0490797,3195.514917373657,16.135526081872364,5228.591203689575,205,127,False,
meta-llama/Llama-3.1-8B-Instruct,280,1776601529.0498447,3194.7906017303467,16.13782701038179,5228.156805038452,205,127,False,
meta-llama/Llama-3.1-8B-Instruct,281,1776601529.050838,3193.8300132751465,16.139995484125045,5227.469444274902,205,127,False,
meta-llama/Llama-3.1-8B-Instruct,282,1776601529.0511794,3193.526029586792,16.142419406345912,5227.470874786377,205,127,False,
meta-llama/Llama-3.1-8B-Instruct,283,1776601529.052261,3192.4774646759033,16.272781372070312,5226.575136184692,205,126,False,
meta-llama/Llama-3.1-8B-Instruct,284,1776601529.0525835,3192.185163497925,16.14576672750806,5226.55177116394,205,127,False,
meta-llama/Llama-3.1-8B-Instruct,285,1776601529.053844,3191.0955905914307,16.147227514357795,5225.646257400513,205,127,False,
meta-llama/Llama-3.1-8B-Instruct,286,1776601529.0541646,3190.81711769104,16.14832499670604,5225.506067276001,205,127,False,
meta-llama/Llama-3.1-8B-Instruct,287,1776601529.0544648,3190.549612045288,16.410796873031124,5225.4884243011475,205,125,False,
meta-llama/Llama-3.1-8B-Instruct,288,1776601529.0559597,3189.0881061553955,16.152748985896036,5224.334478378296,205,127,False,
meta-llama/Llama-3.1-8B-Instruct,289,1776601529.0562954,3188.786745071411,16.153863498142787,5224.173545837402,205,127,False,
meta-llama/Llama-3.1-8B-Instruct,290,1776601529.0565946,3188.5175704956055,16.15591465480744,5224.162817001343,205,127,False,
meta-llama/Llama-3.1-8B-Instruct,291,1776601529.0568705,3188.275098800659,16.158313978286017,5224.222660064697,205,127,False,
meta-llama/Llama-3.1-8B-Instruct,292,1776601529.0584643,3186.7122650146484,16.159574190775555,5222.818613052368,205,127,False,
meta-llama/Llama-3.1-8B-Instruct,293,1776601529.0587568,3186.5992546081543,16.160399194747683,5222.809553146362,205,127,False,
meta-llama/Llama-3.1-8B-Instruct,294,1776601529.0590193,3186.3763332366943,16.162825009179492,5222.892284393311,205,127,False,
meta-llama/Llama-3.1-8B-Instruct,295,1776601529.0593154,3186.1162185668945,16.164001964387438,5222.780466079712,205,127,False,
meta-llama/Llama-3.1-8B-Instruct,296,1776601529.0613496,3184.1163635253906,16.166511036100843,5221.096754074097,205,127,False,
meta-llama/Llama-3.1-8B-Instruct,297,1776601529.0616376,3183.8624477386475,16.1677220511058,5220.9954261779785,205,127,False,
meta-llama/Llama-3.1-8B-Instruct,298,1776601529.0618987,3183.6347579956055,16.170238691662984,5221.084833145142,205,127,False,
meta-llama/Llama-3.1-8B-Instruct,299,1776601529.0621483,3183.415412902832,16.17149133530874,5221.023321151733,205,127,False,
meta-llama/Llama-3.1-8B-Instruct,300,1776601529.062415,3183.1815242767334,16.17409690978035,5221.117734909058,205,127,False,
meta-llama/Llama-3.1-8B-Instruct,301,1776601529.0626714,3182.955503463745,16.175340092371382,5221.048355102539,205,127,False,
meta-llama/Llama-3.1-8B-Instruct,302,1776601529.062921,3182.7361583709717,16.17731556059822,5221.077919006348,205,127,False,
meta-llama/Llama-3.1-8B-Instruct,256,1776601529.024928,5209.969520568848,19.563693848867263,7674.994945526123,205,127,False,
meta-llama/Llama-3.1-8B-Instruct,257,1776601529.0272558,5815.028667449951,15.696868063911559,7792.834043502808,205,127,False,
meta-llama/Llama-3.1-8B-Instruct,303,1776601529.0653584,5777.018785476685,15.96293334038027,7756.422519683838,205,125,False,
meta-llama/Llama-3.1-8B-Instruct,304,1776601529.0656447,5776.797533035278,15.713739016699412,7756.728649139404,205,127,False,
meta-llama/Llama-3.1-8B-Instruct,305,1776601529.0658793,5776.87931060791,15.968689995427285,7756.996870040894,205,125,False,
meta-llama/Llama-3.1-8B-Instruct,308,1776601529.06655,5776.326417922974,15.718251939803835,7756.826162338257,205,127,False,
meta-llama/Llama-3.1-8B-Instruct,306,1776601529.0660987,5776.818513870239,15.72138165670728,7757.712602615356,205,127,False,
meta-llama/Llama-3.1-8B-Instruct,307,1776601529.0663278,5776.666879653931,15.978207511286582,7757.964611053467,205,125,False,
meta-llama/Llama-3.1-8B-Instruct,309,1776601529.0667694,5776.333570480347,15.727194528731088,7757.960081100464,205,127,False,
meta-llama/Llama-3.1-8B-Instruct,310,1776601529.0669947,5776.147842407227,15.73056077200269,7758.198499679565,205,127,False,
meta-llama/Llama-3.1-8B-Instruct,311,1776601529.0762024,5766.975164413452,15.733976212758867,7749.456167221069,205,127,False,
meta-llama/Llama-3.1-8B-Instruct,312,1776601529.0771475,5766.1402225494385,15.736659367879232,7748.959302902222,205,127,False,
meta-llama/Llama-3.1-8B-Instruct,314,1776601529.0777316,5765.59853553772,15.907318115234375,7754.013299942017,205,126,False,
meta-llama/Llama-3.1-8B-Instruct,313,1776601529.0774603,5765.906572341919,15.786025259229872,7754.945755004883,205,127,False,
meta-llama/Llama-3.1-8B-Instruct,315,1776601529.0779707,5765.459060668945,15.789709393940274,7754.96244430542,205,127,False,
meta-llama/Llama-3.1-8B-Instruct,316,1776601529.078207,5765.719652175903,15.789586400228833,7755.207538604736,205,127,False,
meta-llama/Llama-3.1-8B-Instruct,317,1776601529.0784538,5765.561103820801,15.792540141514369,7755.421161651611,205,127,False,
meta-llama/Llama-3.1-8B-Instruct,318,1776601529.078679,5765.4054164886475,15.795490098378014,7755.637168884277,205,127,False,
meta-llama/Llama-3.1-8B-Instruct,319,1776601529.0789018,5765.264272689819,15.798423025343153,7755.865573883057,205,127,False,
meta-llama/Llama-3.1-8B-Instruct,320,1776601529.0791357,5765.068292617798,15.801539496769982,7756.062269210815,205,127,False,
meta-llama/Llama-3.1-8B-Instruct,321,1776601529.0827641,5761.534929275513,15.80444025614905,7752.894401550293,205,127,False,
meta-llama/Llama-3.1-8B-Instruct,322,1776601529.0830739,5761.260509490967,15.807689182342045,7753.029346466064,205,127,False,
meta-llama/Llama-3.1-8B-Instruct,323,1776601529.08332,5761.122226715088,15.811098946465385,7753.320693969727,205,127,False,
meta-llama/Llama-3.1-8B-Instruct,324,1776601529.0835378,5760.943412780762,15.814128376188732,7753.523588180542,205,127,False,
meta-llama/Llama-3.1-8B-Instruct,325,1776601529.0837553,5760.763168334961,15.817159698123024,7753.725290298462,205,127,False,
meta-llama/Llama-3.1-8B-Instruct,326,1776601529.083953,5760.684490203857,15.819538207281203,7753.946304321289,205,127,False,
meta-llama/Llama-3.1-8B-Instruct,327,1776601529.084141,5760.537624359131,15.822454104347834,7754.166841506958,205,127,False,
meta-llama/Llama-3.1-8B-Instruct,328,1776601529.0843294,5760.385990142822,15.825651940845308,7754.418134689331,205,127,False,
meta-llama/Llama-3.1-8B-Instruct,329,1776601529.0845325,5760.21671295166,15.828789226592534,7754.644155502319,205,127,False,
meta-llama/Llama-3.1-8B-Instruct,330,1776601529.084716,5760.16902923584,15.831415615384541,7754.927396774292,205,127,False,
meta-llama/Llama-3.1-8B-Instruct,331,1776601529.0848966,5760.033369064331,15.834250147380526,7755.148887634277,205,127,False,
meta-llama/Llama-3.1-8B-Instruct,332,1776601529.0850918,5759.879589080811,15.964094161987305,7755.391359329224,205,126,False,
meta-llama/Llama-3.1-8B-Instruct,333,1776601529.0852935,5759.714365005493,15.840221965123737,7755.582332611084,205,127,False,
meta-llama/Llama-3.1-8B-Instruct,334,1776601529.085481,5759.560585021973,15.843304376753549,7755.81693649292,205,127,False,
meta-llama/Llama-3.1-8B-Instruct,273,1776601529.043658,5801.521778106689,16.101039225055324,7798.05064201355,205,125,False,
meta-llama/Llama-3.1-8B-Instruct,335,1776601529.0887208,5756.500244140625,15.848222233000255,7753.376245498657,205,127,False,
meta-llama/Llama-3.1-8B-Instruct,336,1776601529.0889401,5756.321668624878,15.851003783089775,7753.548145294189,205,127,False,
meta-llama/Llama-3.1-8B-Instruct,337,1776601529.0891252,5756.174564361572,15.853652878413124,7753.734827041626,205,127,False,
meta-llama/Llama-3.1-8B-Instruct,338,1776601529.0892942,5756.040334701538,15.856402260916573,7753.947019577026,205,127,False,
meta-llama/Llama-3.1-8B-Instruct,339,1776601529.089456,5755.91254234314,15.859094877091666,7754.158496856689,205,127,False,
meta-llama/Llama-3.1-8B-Instruct,340,1776601529.0896218,5755.81431388855,15.861603948805067,7754.376411437988,205,127,False,
meta-llama/Llama-3.1-8B-Instruct,341,1776601529.0897892,5756.473064422607,15.858249058799139,7754.612445831299,205,127,False,
meta-llama/Llama-3.1-8B-Instruct,342,1776601529.0899444,5756.403684616089,15.86064649006677,7754.845142364502,205,127,False,
meta-llama/Llama-3.1-8B-Instruct,343,1776601529.0900989,5756.3183307647705,15.863151777358283,7755.075454711914,205,127,False,
meta-llama/Llama-3.1-8B-Instruct,344,1776601529.0902574,5756.2456130981445,15.865484873453775,7755.29670715332,205,127,False,
meta-llama/Llama-3.1-8B-Instruct,345,1776601529.0904102,5756.133079528809,15.868213441636827,7755.527973175049,205,127,False,
meta-llama/Llama-3.1-8B-Instruct,346,1776601529.0905669,5756.06369972229,15.870060239519391,7755.691289901733,205,127,False,
meta-llama/Llama-3.1-8B-Instruct,347,1776601529.0907168,5755.9494972229,15.872788807702443,7755.920886993408,205,127,False,
meta-llama/Llama-3.1-8B-Instruct,348,1776601529.090875,5755.88583946228,15.875070814102415,7756.144762039185,205,127,False,
meta-llama/Llama-3.1-8B-Instruct,349,1776601529.0910327,5755.765914916992,15.877653682042682,7756.35027885437,205,127,False,
meta-llama/Llama-3.1-8B-Instruct,350,1776601529.0928695,5753.962278366089,15.879746467348129,7754.810333251953,205,127,False,
meta-llama/Llama-3.1-8B-Instruct,351,1776601529.0930998,5753.832578659058,16.26878831444717,7754.89354133606,205,124,False,
meta-llama/Llama-3.1-8B-Instruct,352,1776601529.0932703,5753.6985874176025,15.884055031670464,7755.089521408081,205,127,False,
meta-llama/Llama-3.1-8B-Instruct,353,1776601529.0934267,5753.579616546631,16.273632282164037,7755.236387252808,205,124,False,
meta-llama/Llama-3.1-8B-Instruct,354,1776601529.0935876,5753.531455993652,15.88813653067937,7755.436658859253,205,127,False,
meta-llama/Llama-3.1-8B-Instruct,355,1776601529.093747,5753.411054611206,16.01801109313965,7755.662441253662,205,126,False,
meta-llama/Llama-3.1-8B-Instruct,358,1776601531.6216676,3225.5256175994873,16.149380514698645,5228.048801422119,205,125,False,
meta-llama/Llama-3.1-8B-Instruct,359,1776601531.622714,3224.525213241577,15.89512446570018,5227.3108959198,205,127,False,
meta-llama/Llama-3.1-8B-Instruct,360,1776601531.623823,3223.5443592071533,15.89706019749717,5226.573944091797,205,127,False,
meta-llama/Llama-3.1-8B-Instruct,361,1776601531.624622,3222.7835655212402,15.899217317974756,5226.08494758606,205,127,False,
meta-llama/Llama-3.1-8B-Instruct,362,1776601531.6253731,3222.066640853882,15.901677192203582,5225.677967071533,205,127,False,
meta-llama/Llama-3.1-8B-Instruct,363,1776601531.626113,3221.358060836792,15.903828636048333,5225.240468978882,205,127,False,
meta-llama/Llama-3.1-8B-Instruct,364,1776601531.6268914,3220.609188079834,15.905942235674177,5224.75790977478,205,127,False,
meta-llama/Llama-3.1-8B-Instruct,365,1776601531.6278977,3219.7563648223877,16.034332275390625,5224.047899246216,205,126,False,
meta-llama/Llama-3.1-8B-Instruct,366,1776601531.6282823,3219.4108963012695,16.297115543024326,5223.956108093262,205,124,False,
meta-llama/Llama-3.1-8B-Instruct,367,1776601531.6291134,3218.616008758545,15.9111117559766,5223.416090011597,205,127,False,
meta-llama/Llama-3.1-8B-Instruct,368,1776601531.6301317,3217.6296710968018,15.913196972438268,5222.692489624023,205,127,False,
meta-llama/Llama-3.1-8B-Instruct,369,1776601531.630464,3217.3306941986084,15.915231099204412,5222.649812698364,205,127,False,
meta-llama/Llama-3.1-8B-Instruct,370,1776601531.6314232,3216.4032459259033,15.91767772795662,5222.0306396484375,205,127,False,
meta-llama/Llama-3.1-8B-Instruct,371,1776601531.6317534,3216.2270545959473,15.919445052979485,5222.077131271362,205,127,False,
meta-llama/Llama-3.1-8B-Instruct,372,1776601531.632584,3215.43550491333,15.921575682503837,5221.5540409088135,205,127,False,
meta-llama/Llama-3.1-8B-Instruct,373,1776601531.633677,3214.3805027008057,15.923704419817243,5220.767259597778,205,127,False,
meta-llama/Llama-3.1-8B-Instruct,374,1776601531.634006,3214.0848636627197,15.92580477396647,5220.736265182495,205,127,False,
meta-llama/Llama-3.1-8B-Instruct,375,1776601531.6343024,3213.8214111328125,15.927749966818189,5220.717906951904,205,127,False,
meta-llama/Llama-3.1-8B-Instruct,376,1776601531.6351402,3213.0179405212402,15.929715973990303,5220.162153244019,205,127,False,
meta-llama/Llama-3.1-8B-Instruct,377,1776601531.6361992,3211.9927406311035,15.931927968585303,5219.415664672852,205,127,False,
meta-llama/Llama-3.1-8B-Instruct,378,1776601531.6365325,3211.853504180908,15.932571320306687,5219.357490539551,205,127,False,
meta-llama/Llama-3.1-8B-Instruct,379,1776601531.637711,3210.716485977173,15.934446501353431,5218.456745147705,205,127,False,
meta-llama/Llama-3.1-8B-Instruct,380,1776601531.6380262,3210.437774658203,15.93640683189271,5218.425035476685,205,127,False,
meta-llama/Llama-3.1-8B-Instruct,381,1776601531.6383243,3210.1714611053467,15.938416359916566,5218.411922454834,205,127,False,
meta-llama/Llama-3.1-8B-Instruct,382,1776601531.639443,3209.0840339660645,16.067907333374023,5217.572450637817,205,126,False,
meta-llama/Llama-3.1-8B-Instruct,383,1776601531.6398005,3208.7600231170654,15.942598146105569,5217.527389526367,205,127,False,
meta-llama/Llama-3.1-8B-Instruct,384,1776601531.6410701,3207.519769668579,15.94460578191848,5216.540098190308,205,127,False,
meta-llama/Llama-3.1-8B-Instruct,385,1776601531.6413717,3207.2455883026123,16.074064254760742,5216.503620147705,205,126,False,
meta-llama/Llama-3.1-8B-Instruct,386,1776601531.6416352,3207.0152759552,15.948170707339333,5216.484785079956,205,127,False,
meta-llama/Llama-3.1-8B-Instruct,387,1776601531.6430454,3205.7883739471436,16.205978009008593,5215.329647064209,205,125,False,
meta-llama/Llama-3.1-8B-Instruct,388,1776601531.643348,3205.526113510132,15.950335396660698,5215.26837348938,205,127,False,
meta-llama/Llama-3.1-8B-Instruct,389,1776601531.643616,3205.2910327911377,16.079648971557617,5215.24715423584,205,126,False,
meta-llama/Llama-3.1-8B-Instruct,390,1776601531.6438668,3205.073595046997,15.953720562041752,5215.242385864258,205,127,False,
meta-llama/Llama-3.1-8B-Instruct,391,1776601531.6452425,3203.730821609497,16.083106994628906,5214.11919593811,205,126,False,
meta-llama/Llama-3.1-8B-Instruct,392,1776601531.6455204,3203.486919403076,15.957158709329272,5214.088916778564,205,127,False,
meta-llama/Llama-3.1-8B-Instruct,393,1776601531.6457632,3203.2761573791504,15.958890082344176,5214.096307754517,205,127,False,
meta-llama/Llama-3.1-8B-Instruct,394,1776601531.64599,3203.0820846557617,15.960587395562065,5214.116096496582,205,127,False,
meta-llama/Llama-3.1-8B-Instruct,395,1776601531.6462166,3202.8887271881104,15.96228281656901,5214.136362075806,205,127,False,
meta-llama/Llama-3.1-8B-Instruct,396,1776601531.6470501,3202.0864486694336,15.963910117981927,5213.539123535156,205,127,False,
meta-llama/Llama-3.1-8B-Instruct,397,1776601531.6473114,3201.9524574279785,16.222580786674254,5213.552474975586,205,125,False,
meta-llama/Llama-3.1-8B-Instruct,398,1776601531.648499,3200.805902481079,15.966581919836619,5212.595224380493,205,127,False,
meta-llama/Llama-3.1-8B-Instruct,399,1776601531.6487508,3200.589656829834,15.968466561938088,5212.616443634033,205,127,False,
meta-llama/Llama-3.1-8B-Instruct,356,1776601531.614518,3234.8575592041016,16.098020553588867,5247.11012840271,205,126,False,
meta-llama/Llama-3.1-8B-Instruct,357,1776601531.620466,3228.9438247680664,15.972018241882324,5241.418123245239,205,127,False,
